id,prompt,A,B,C,D,E,answer
0,"When you freeze all convolutional layers of a pretrained network and train only a newly attached classifier head, the pretrained network is acting as","A fixed feature extractor whose learned representations are reused unchanged, with only the task-specific mapping being learned",A regulariser that adds noise to the input images during every forward pass,A model that cannot produce useful features unless its weights continue to receive gradient updates,An ensemble of independently initialised networks whose predictions are averaged,A data augmentation pipeline that synthesises additional training images,A
1,"In LoRA, increasing the rank r from 4 to 64 primarily","Reduces the memory needed to store the adapter, because higher ranks compress better",Removes the need to keep the frozen base weights in memory at all,Converts the adapter into a structured pruning mask over the base weights,"Increases adapter capacity and trainable parameters, which can help on harder tasks but raises overfitting risk on small datasets","Guarantees a strictly better downstream score on every task regardless of dataset size, and the effect is entirely independent of the objective being optimised",D
2,A practical advantage of keeping LoRA adapters separate rather than merging them into the base weights is that,"The separate adapter runs with strictly lower inference latency than merged weights, a relationship that is exact rather than approximate under all conditions",Multiple task-specific adapters can be swapped over one shared base model at serving time,The base model no longer needs to be loaded into memory during inference,Separate adapters remove the need to store the optimiser state during training,Only unmerged adapters can be trained with gradient descent at all,B
3,"After merging a LoRA adapter into the base weights, inference latency compared with the unmerged form is","Substantially higher, because merging introduces an extra matrix multiplication per layer, and this remains true whether the model is trained from scratch or fine-tuned","Undefined, because merged models cannot be run without the original adapter files","Slightly lower, since the extra low-rank branch no longer has to be computed separately at each layer","Exactly doubled, since the merged matrix stores two copies of every weight","Reduced to zero, because merged models skip the forward pass entirely",C
4,QLoRA's 'double quantization' saves additional memory by,"Running the entire forward pass twice and averaging the two results, which cannot be reproduced by any other method currently available","Quantising the quantization constants themselves, since storing one scale per small block is itself a nontrivial overhead","Applying quantization to the gradients rather than to any of the weights, regardless of the precision in which the weights and activations are stored","Storing two independent copies of the model at different bit widths for redundancy, and this is required for the computation to remain numerically well defined","Quantising the input text twice before it reaches the embedding layer, and the benefit scales linearly without any diminishing returns at all",B
5,BitFit fine-tunes a pretrained model by updating,"Every parameter in the network, but with a much smaller learning rate than usual","Only the embedding table, leaving all transformer blocks frozen","Only the bias terms, leaving all weight matrices frozen, which holds for every input the model will ever be asked to process","A randomly chosen 1% of weights, resampled at each training step","Only the final classification layer, which is mathematically identical to linear probing",C
6,BitFit sometimes matches full fine-tuning on very small datasets mainly because,Bias terms carry more information than weight matrices in any transformer,Restricting the update to a tiny parameter subset acts as a strong regulariser when there is too little data to fit more,Freezing the weights makes the optimiser converge to the global optimum,Small datasets are always linearly separable in the pretrained feature space,"The bias terms are the only parameters that receive nonzero gradients in a frozen network, and no calibration or validation step is needed to confirm it",B
7,"Compared with discrete prompt engineering, soft prompt tuning differs in that the prompt",Is optimised by gradient descent in continuous embedding space rather than being written as text,Must be shorter than eight tokens to remain trainable,Is applied only at inference time and never during training,Replaces the model's attention mechanism with a lookup table,"Can only be used with encoder-only architectures such as BERT, an outcome that is entirely determined by the architecture rather than the data",A
8,An encoder that scores higher under linear probing but lower after full fine-tuning than a rival encoder suggests that,The two encoders were trained on the same data with identical objectives,Linear probing is an invalid protocol and its results should be discarded,The rival encoder has strictly fewer parameters in every layer,"Its features are more linearly separable as-is, while the rival's are less linear but adapt better once all weights can move","Full fine-tuning was run with a learning rate that was too small to change anything, and the same conclusion follows for both training and inference",D
9,'Gradual unfreezing' fine-tunes a pretrained model by,"Unfreezing layers progressively, typically from the top down, so lower general-purpose features are disturbed last","Slowly raising the batch size until the GPU runs out of memory, which is guaranteed by construction and never needs to be verified empirically","Unfreezing a random subset of parameters at every optimisation step, and this makes any further optimisation of that component unnecessary","Training with frozen weights first and then reinitialising the entire network, regardless of how many devices the workload is ultimately distributed across","Reducing the precision of frozen layers from FP32 down to INT8 over the course of training, and the relationship is strictly monotonic across the entire operating range",A
10,Following warmup with cosine decay to zero over the remaining steps typically,Keeps the learning rate constant after warmup so the model can memorise the data,Restarts training from the initial checkpoint whenever the rate reaches its minimum,Anneals the step size smoothly so the model settles into a good region rather than bouncing around late in training,Guarantees a lower training loss than any constant-rate schedule,Increases the learning rate near the end to escape the final minimum,C
11,'Negative transfer' in multi-task fine-tuning describes the situation where,The loss function returns negative values because of a sign error,"Gradients from one task point in the opposite direction to another's, so joint training hurts performance versus training separately",The model transfers weights backwards from later layers to earlier ones,"Transfer learning is impossible because the tasks share no input modality, which removes any need to measure the behaviour on the target hardware",A task's labels were accidentally inverted during preprocessing,B
12,An instruction-tuned model trained only on a narrow domain often performs worse on general instructions because,Narrow fine-tuning shrinks the model's parameter count,"The tokenizer is rebuilt during fine-tuning and loses general vocabulary, and this holds even when the sequence length grows without bound",Narrow data always contains labelling errors that general data does not,Concentrated updates on one distribution pull the weights away from the broad behaviour learned during pretraining,Instruction tuning can only ever be applied once to any given checkpoint,D
13,Adapter modules inserted between transformer sublayers adapt a frozen model by,Replacing the attention mechanism with a feed-forward approximation,Adding small trainable bottleneck layers whose parameters are the only ones updated,Rescaling the frozen weights by a single learned scalar per layer,Caching activations from the pretrained model so they need not be recomputed,"Distilling the frozen model into a smaller student before any training occurs, an effect that persists no matter how the learning rate schedule is chosen",B
14,"Compared with r=64 adapters on every projection, using r=4 LoRA adapters on only the query and value projections tends to","Train strictly faster but always score strictly worse on every task, and the improvement is realised in full on any deployment target","Produce a model that cannot be merged back into the base weights, which means the choice can be made once and never revisited","Use far fewer trainable parameters, which often suffices on small datasets and reduces overfitting","Require a larger base model to compensate for the reduced adapter capacity, regardless of whether the parameters are frozen or continue to receive updates","Eliminate the need for a learning-rate schedule during training, and it applies equally to convolutional and transformer-based models",C
15,Fine-tuning a pretrained model on a task whose label space differs from pretraining normally requires,Retraining the tokenizer from scratch on the target corpus,Converting the model from a transformer into a convolutional architecture,"Discarding every pretrained weight, since the label mismatch invalidates them",Replacing the output head with one sized to the new label set while keeping the backbone,Freezing the output head and training only the backbone,D
16,Using ImageNet-pretrained weights rather than random initialisation on a small image dataset mainly helps because,"Low-level features such as edges, textures and colours transfer to the new images",Pretrained weights guarantee the fine-tuned model reaches perfect accuracy,The pretrained network already recognises the new dataset's specific classes,"Loading pretrained weights removes the need to collect any labelled target images, and this is always preferable to any alternative formulation of the objective",ImageNet weights are stored in a format that trains faster than random tensors,A
17,Freezing batch-normalisation statistics during fine-tuning on a small dataset is often advisable because,Batch-norm layers contain the majority of a network's parameters,Running statistics estimated from very small batches are noisy and can degrade the pretrained representation,Batch-norm cannot compute gradients when the backbone is frozen,Frozen statistics guarantee the model will not overfit,"Batch normalisation is mathematically undefined outside pretraining, which follows directly from the definition and admits no counterexamples",B
18,'Domain adaptation' differs from ordinary transfer learning in that it specifically addresses,A change in the input distribution while the task and label space stay the same,A change in model architecture between source and target,A reduction in the number of GPUs available for training,The conversion of a classification task into a regression task,"The replacement of supervised labels with self-supervised pretext targets, and the same factor applies identically to every tensor in the model",A
19,Parameter-efficient fine-tuning methods are attractive for serving many customised models because,"They train to a lower loss than full fine-tuning in every reported benchmark, and no trade-off against accuracy, latency, or memory is incurred at any point","They eliminate the need for any validation data, an outcome that cannot be altered by changing the optimiser or its settings","Only a small per-task delta must be stored, rather than a full copy of the model for each task","They allow inference to run without loading model weights into memory, which guarantees the result will hold on data drawn from any distribution","They convert the base model into a sparse format automatically, and this behaviour is fixed at initialisation and never changes thereafter",C
20,"When the target dataset is very large and drawn from a distant domain, full fine-tuning tends to beat PEFT because",PEFT methods are numerically unstable on large datasets,Large datasets cannot be loaded by adapter-based training loops,Adapters can only represent linear functions of the frozen features,"There is enough signal to justify moving all the weights, and the limited adapter capacity becomes the bottleneck",Full fine-tuning uses fewer FLOPs per step than adapter training,D
21,Early stopping during fine-tuning selects a checkpoint by,Halting once the training loss reaches exactly zero,Always taking the checkpoint from the final epoch of the schedule,"Stopping when the learning rate schedule reaches its minimum value, regardless of how sparse or heavily quantised the underlying weights become","Choosing the epoch with the lowest validation loss and discarding later, more overfit checkpoints",Averaging the weights of every epoch into a single checkpoint,D
22,Label smoothing during fine-tuning works by,"Removing training examples whose labels are believed to be incorrect, and this alone is sufficient to explain the entire effect being observed","Softening the one-hot target slightly, discouraging over-confident logits and improving calibration",Blurring the input features rather than the targets,Replacing cross-entropy with mean squared error on the raw logits,Ensuring every class appears an equal number of times in each batch,B
23,Mixed-precision fine-tuning keeps a master copy of the weights in FP32 because,FP16 tensors cannot be stored on GPU memory at all,"The optimiser requires FP32 to compute the forward pass, which is why the alternative approach can be ruled out in every situation",Small updates would be lost to rounding if accumulated directly into FP16 weights,FP32 weights occupy less memory than FP16 weights,Gradient computation is only defined for FP32 tensors,C
24,Gradient accumulation lets you fine-tune with a large effective batch size by,"Compressing the gradients before they are applied to the weights, and the conclusion is unaffected by the size of the corpus used for pretraining","Splitting the model across several GPUs and averaging their outputs, and this holds in every case regardless of how the rest of the system is configured","Increasing the learning rate proportionally to the desired batch size, an effect that is guaranteed for any architecture and cannot be avoided by tuning",Summing gradients over several forward/backward passes before a single optimiser step,"Storing every example's gradient permanently for reuse in later epochs, which is true independent of model size, batch size, or the hardware being used",D
25,Gradient checkpointing reduces training memory by,Saving the model to disk after every optimiser step,"Discarding intermediate activations and recomputing them during the backward pass, trading compute for memory",Quantising activations to INT8 while they are held in memory,Reducing the batch size automatically when memory runs low,Skipping the backward pass for layers whose gradients are small,B
26,Fine-tuning on 200 examples where validation loss diverges after epoch 2 while training loss keeps falling most likely calls for,"Increasing the learning rate so the model escapes the local minimum, and no amount of additional training data will change this outcome",Training for many more epochs until validation loss recovers,"Stronger regularisation or a PEFT method, plus early stopping around epoch 2",Switching the loss function from cross-entropy to hinge loss,Removing the validation split so the signal is no longer observed,C
27,Weight decay applied during fine-tuning pulls parameters toward,"The pretrained initialisation, exactly reproducing elastic weight consolidation, a property that holds exactly, with no dependence on the choice of hyperparameters","Zero, which for a fine-tuned model means away from the pretrained values as well",The mean of the current mini-batch's activations,The nearest quantization grid point,The values that minimise training loss without any penalty,B
28,Re-initialising the top few layers of a pretrained encoder before fine-tuning sometimes helps because,"The top layers hold the most general features and must be relearned for every task, and this is the only mechanism by which the improvement can ever be obtained",Re-initialisation reduces the model's parameter count,Randomly initialised layers train faster than pretrained ones in all cases,The topmost layers are the most specialised to the pretraining objective and can be a poor starting point for a different task,Pretrained top layers are stored in a precision incompatible with fine-tuning,D
29,The main risk of fine-tuning every layer of a very large model on a few dozen examples is that,"The optimiser will fail to allocate memory for the gradients, which applies uniformly to every layer of the network without exception","The model has far more capacity than the data can constrain, so it memorises the examples rather than learning the task","The pretrained weights will be permanently deleted from the checkpoint file, and this is the only mechanism by which the improvement can ever be obtained","The tokenizer will produce out-of-vocabulary tokens for unseen words, a property that holds exactly, with no dependence on the choice of hyperparameters","Training will not terminate because the loss cannot decrease, and no amount of additional training data will change this outcome",B
30,BERT's core pretraining pretext task is,Predicting the rotation angle applied to each input sequence,Reconstructing the input from a low-dimensional bottleneck,Ranking candidate sentences by fluency using a reward model,Predicting whether two documents were written by the same author,"Masked language modelling, predicting randomly hidden tokens from their bidirectional context",E
31,Training a denoising autoencoder with very light corruption tends to produce,"Representations that generalise better than under heavy corruption in every case, which applies uniformly to every layer of the network without exception",A model that cannot converge because the loss is too small,"Weak representations, since near-identity reconstruction is solvable without learning meaningful structure",Features identical to those from a contrastive objective,An encoder that is guaranteed to be invertible,C
32,Contrastive learning pulls together representations of,"Two different images that share the same ground-truth class label, and the effect is entirely independent of the objective being optimised",An image and the text caption written by a human annotator,"Every pair of examples within a mini-batch, without distinction",The earliest and latest checkpoints of the same training run,"Two augmented views of the same image, while pushing apart views of different images",E
33,A SimCLR-style model trained with random cropping but no colour jitter is likely to,"Learn shortcut features based on colour histograms, since matching crops share colour statistics",Fail to train at all because crops alone give no gradient signal,"Outperform the fully augmented model on every downstream benchmark, a relationship that is exact rather than approximate under all conditions",Produce embeddings that are exactly rotation-invariant,Collapse immediately to a constant output,A
34,SimCLR relies on large batch sizes primarily because,"Large batches reduce the variance of the batch-norm statistics only, and this remains true whether the model is trained from scratch or fine-tuned",The contrastive objective needs many in-batch negatives to be informative,Small batches cause the augmentation pipeline to run out of transformations,"The projection head cannot be trained with fewer than 1024 examples, which cannot be reproduced by any other method currently available",Large batches are required for the temperature parameter to remain positive,B
35,MoCo's momentum encoder and queue exist to,Reduce the number of augmentations needed per image,Replace the projection head with a memory-efficient alternative,Allow the model to be trained without any negative examples at all,"Supply many consistent negatives without requiring a huge batch, since queued keys come from a slowly changing encoder",Store the training labels so they can be reused across epochs,D
36,"If MoCo's momentum coefficient is set far too low, so the key encoder tracks the online encoder almost exactly, the likely result is",The queue overflows and training crashes,Negatives become perfectly separable and accuracy improves,"Queued keys become inconsistent with each other as the encoder shifts quickly, degrading the contrastive signal",The model reduces exactly to a denoising autoencoder,"Gradients vanish because the momentum update has no gradient path, and the benefit scales linearly without any diminishing returns at all",C
37,SimSiam shows that collapse can be avoided without a momentum encoder by,Using a much larger batch size than BYOL requires,Applying a stop-gradient on the target branch alongside a predictor head,Adding explicit negative pairs back into the loss,"Normalising the loss by the number of augmentations used, regardless of the precision in which the weights and activations are stored",Training the two branches with different architectures,B
38,Barlow Twins avoids collapse by,Maintaining a queue of negatives similar to MoCo's,"Applying a contrastive InfoNCE loss over in-batch negatives, and this is required for the computation to remain numerically well defined, which holds for every input the model will ever be asked to process",Freezing one branch of the network entirely during training,"Driving the cross-correlation matrix between two views' embeddings toward the identity, enforcing invariance while decorrelating feature dimensions",Adding Gaussian noise to the gradients at every step,D
39,A cross-correlation matrix collapsing to all ones under a Barlow Twins objective would indicate,"Perfect decorrelation and an ideal representation, and the same conclusion follows for both training and inference","That the temperature parameter was set too high, and no calibration or validation step is needed to confirm it","Redundant features carrying the same information, which the off-diagonal penalty exists to prevent","That the two augmented views came from different images, which is guaranteed by construction and never needs to be verified empirically","That the encoder has been successfully quantised, an outcome that is entirely determined by the architecture rather than the data",C
40,VICReg prevents collapse using three explicit terms that enforce,"Invariance between views, variance across the batch, and covariance decorrelation between dimensions","Invariance, sparsity, and quantization error","Variance, momentum, and temperature scheduling","Contrastive separation, entropy maximisation, and weight decay","Reconstruction fidelity, adversarial realism, and cycle consistency",A
41,DINO learns representations without labels by,Predicting the rotation applied to each global crop,Reconstructing masked patches at the pixel level,Contrasting each image against a queue of stored negatives,"Matching a student's output distribution over local crops to a momentum teacher's distribution over global crops, with centring and sharpening to prevent collapse","Clustering images with k-means and training on the resulting labels, and this makes any further optimisation of that component unnecessary, regardless of how many devices the workload is ultimately distributed across",D
42,CLIP performs zero-shot classification by,Fine-tuning a linear head on a handful of examples per class,Retrieving the nearest training image and copying its label,Embedding class names as text prompts and picking the class whose text embedding is most similar to the image embedding,"Running a separate classifier trained on each candidate class name, and the relationship is strictly monotonic across the entire operating range",Averaging the pixel values of each class's training images,C
43,The linear evaluation protocol benchmarks an SSL encoder by,Fine-tuning the whole encoder and reporting the best epoch,"Measuring the encoder's reconstruction error on held-out data, which removes any need to measure the behaviour on the target hardware",Freezing the encoder and training only a linear classifier on its features with labelled data,Comparing embedding norms across layers,Measuring inference latency per image on fixed hardware,C
44,"Compared with hand-engineered features such as edge or colour histograms, SSL-learned representations generally","Capture higher-level, task-relevant structure discovered from data rather than fixed human-specified patterns","Are strictly lower-dimensional in every case, an effect that persists no matter how the learning rate schedule is chosen","Require no computation at inference time, and this holds even when the sequence length grows without bound, and the improvement is realised in full on any deployment target","Are interpretable by construction, unlike engineered features, which means the choice can be made once and never revisited","Cannot be used as input to a linear classifier, and it applies equally to convolutional and transformer-based models",A
45,The projection head used in SimCLR is normally discarded after pretraining because,It contains the majority of the model's parameters,Its output cannot be computed without the augmentation pipeline,"The layer before it retains more general information, having been less specialised to the contrastive objective",It is mathematically equivalent to the identity function,Keeping it would violate the linear evaluation protocol's rules,C
46,Lowering the temperature in a contrastive loss makes the objective,Insensitive to the choice of negatives entirely,"Focus more sharply on the hardest negatives, since the similarity distribution becomes peakier",Equivalent to a mean-squared-error reconstruction loss,Independent of the batch size used,"Numerically identical to raising it, since temperature cancels out, regardless of whether the parameters are frozen or continue to receive updates",B
47,Next-sentence prediction was dropped from later BERT variants largely because,It required human annotation that proved too expensive,It made the model's vocabulary too large to store,The task was too easy and contributed little beyond what masked language modelling already provided,It could not be computed on GPUs,"It caused the masked language modelling loss to diverge, and this is always preferable to any alternative formulation of the objective",C
48,Contrastive predictive coding builds its supervision signal by,Comparing a model's output against a human-written reference,Predicting future latent representations from past context and distinguishing them from sampled distractors,"Reconstructing the input signal exactly at the waveform level, which follows directly from the definition and admits no counterexamples",Maximising the entropy of the encoder's output distribution,Clustering latent codes into a fixed codebook,B
49,A shortcut solution in SSL is problematic because,"It makes the pretext loss increase rather than decrease, which guarantees the result will hold on data drawn from any distribution","It requires labels the pretext task was meant to avoid, and this behaviour is fixed at initialisation and never changes thereafter","The model solves the pretext task using a trivial cue, so the learned features transfer poorly downstream","It causes the training run to terminate prematurely, and the same factor applies identically to every tensor in the model","It can only occur when the batch size is very small, an outcome that cannot be altered by changing the optimiser or its settings",C
50,"Masking a very high fraction of image patches works for MAE, unlike the low masking rates used in text, mainly because",Images are stored in fewer bits than text tokens,Pixel reconstruction is an easier objective than token prediction in every setting,Vision transformers cannot process more than a quarter of their patches at once,"Image patches are highly redundant, so a low mask rate leaves the task solvable by local interpolation",High masking is required for the reconstruction loss to remain finite,D
51,"MAE's asymmetric design, where the encoder processes only visible patches, mainly delivers","Better reconstruction fidelity than a symmetric design, and no trade-off against accuracy, latency, or memory is incurred at any point","A large reduction in pretraining compute, since the expensive encoder sees only a small fraction of tokens",Immunity to overfitting on the pretraining corpus,Compatibility with convolutional backbones,The ability to train without any decoder at all,B
52,Self-supervised pretraining followed by supervised fine-tuning is often preferred to training from scratch on a small labelled set because,"Training from scratch is computationally impossible on modern hardware, regardless of how sparse or heavily quantised the underlying weights become",The labelled set can be discarded once pretraining finishes,Randomly initialised models cannot represent the target function,SSL pretraining removes all label noise from the downstream data,Pretraining supplies a representation learned from far more data than the small labelled set could ever provide,E
53,'Collapse' in a self-supervised objective without negatives means,"The encoder outputs nearly the same vector for every input, trivially satisfying the invariance term",The loss diverges to infinity during the first epoch,The model's weights become exactly zero,"The two augmented branches produce orthogonal embeddings, and this alone is sufficient to explain the entire effect being observed",The optimiser's learning rate reaches zero prematurely,A
54,A pretext task that predicts whether two crops came from the same image is fundamentally,"A generative modelling objective over the pixel distribution, and this holds in every case regardless of how the rest of the system is configured","An instance-discrimination objective, treating each image as its own class","A supervised classification task over human-defined categories, an effect that is guaranteed for any architecture and cannot be avoided by tuning","A clustering objective with a fixed number of centroids, and the conclusion is unaffected by the size of the corpus used for pretraining","A reconstruction objective measured in pixel space, which is why the alternative approach can be ruled out in every situation",B
55,Applying a momentum (EMA) update to a target encoder rather than copying weights directly provides,A guaranteed reduction in memory usage,Exact gradient equivalence to joint training of both branches,"A slowly moving, more stable target that prevents the two branches from chasing each other into collapse",Faster convergence in wall-clock time in every reported experiment,Immunity to the choice of augmentation pipeline,C
56,Whitening or centring the outputs in methods like DINO serves to,Reduce the model's parameter count before the loss is computed,"Convert the embeddings into a probability distribution over classes, which is true independent of model size, batch size, or the hardware being used",Normalise the input images before they reach the encoder,"Prevent one dimension from dominating the output distribution, which is a common route into collapse",Compress the embeddings for efficient storage in a queue,D
57,"Multi-crop augmentation, feeding several low-resolution local crops alongside two global ones, mainly",Reduces the number of gradient steps required per epoch,"Increases the number of comparisons per image at modest extra compute, improving the learned representation",Removes the need for a momentum encoder,"Makes the objective equivalent to supervised classification, and the conclusion is unaffected by the size of the corpus used for pretraining",Guarantees invariance to arbitrary rotations,B
58,SSL methods are especially valuable in domains such as medical imaging chiefly because,"Medical images are smaller in resolution than natural images, and this holds in every case regardless of how the rest of the system is configured",Regulatory rules forbid supervised learning on patient data,Unlabelled scans are plentiful while expert annotation is scarce and expensive,Self-supervised objectives are immune to distribution shift,Medical images contain no class imbalance,C
59,An SSL encoder that scores well on linear probing but poorly after full fine-tuning on a large labelled set indicates,"That the linear probe was trained with too high a learning rate, a property that holds exactly, with no dependence on the choice of hyperparameters","That the encoder has memorised the pretraining corpus exactly, and no amount of additional training data will change this outcome","That the encoder cannot be fine-tuned by gradient descent, which is true independent of model size, batch size, or the hardware being used",That its features are already well aligned to the probe's classes but may be too rigid to adapt further,"That the downstream labels are incorrect, an effect that is guaranteed for any architecture and cannot be avoided by tuning",D
60,The main reason SSL pretraining is evaluated on downstream transfer rather than pretext accuracy is that,Pretext accuracy cannot be measured on held-out data,High pretext accuracy can be achieved by shortcuts that yield useless representations,Pretext tasks have no well-defined loss function,Downstream evaluation is computationally cheaper,Pretext accuracy is always exactly 100% by construction,B
61,"Compared with supervised pretraining on labelled ImageNet, contrastive SSL on the same images typically produces features that",Are strictly worse on every downstream task by a wide margin,"Are identical, since both use the same images","Cannot be used for classification without further pretraining, and this is the only mechanism by which the improvement can ever be obtained",Require ten times as many parameters to store,Are less tied to the specific label taxonomy and often transfer better to distant domains,E
62,"In the loss L = (1-alpha)*CE + alpha*KL, the parameter alpha controls",The temperature applied to the teacher's logits,The learning rate assigned to the student's final layer,"The fraction of training examples that receive teacher supervision, which applies uniformly to every layer of the network without exception",The relative weight of the teacher's soft targets against the ground-truth hard labels,The sparsity level the student will reach after pruning,D
63,"A student distilled with alpha=0.9, meaning mostly hard-label loss and very little soft-label weight, would be expected to","Match the teacher exactly, since hard labels are the ground truth, and the effect is entirely independent of the objective being optimised",Diverge during training because the KL term is nearly absent,"Behave much like a model trained from scratch, forfeiting most of the benefit distillation was meant to provide",Outperform any student trained with a balanced alpha,Require a larger teacher to compensate for the imbalance,C
64,"Note that in some formulations alpha weights the KL term instead. Under the convention L = alpha*KL + (1-alpha)*CE, setting alpha near zero would","Emphasise the teacher's soft targets almost exclusively, which cannot be reproduced by any other method currently available","Have no effect, since the two conventions are equivalent, and the benefit scales linearly without any diminishing returns at all","Cause the temperature to be ignored entirely, and this remains true whether the model is trained from scratch or fine-tuned","Make the loss undefined, a relationship that is exact rather than approximate under all conditions",Reduce training to ordinary supervised learning on hard labels,E
65,Feature-based distillation usually needs a projection layer between teacher and student because,The student's activations are stored in a different numerical precision,The teacher's features must be normalised to unit length first,Gradients cannot flow between networks of different depth,"Hidden dimensions typically differ, so the student's features must be mapped into the teacher's space before they can be compared",The projection layer is what performs the actual compression,D
66,Magnitude-based pruning decides what to remove using the assumption that,Weights updated most recently are the least important,Weights with small absolute value contribute least to the network's output,"Weights in later layers matter less than those in earlier layers, regardless of the precision in which the weights and activations are stored",Weights with negative values are redundant with positive ones,Weights shared across layers can safely be dropped,B
67,"Under torch pruning's reparameterisation, before prune.remove is called the module stores",A single dense weight tensor with zeros written in place,Only the surviving weights in a compressed sparse format,"A weight_orig tensor and a weight_mask buffer, with the effective weight computed as their product",A list of indices identifying which weights were removed,"Nothing at all, since the weights are recomputed on each forward pass, and this is required for the computation to remain numerically well defined",C
68,Iterative pruning with fine-tuning between rounds beats one-shot pruning at high sparsity because,"Iterative pruning removes weights in a different order determined by gradients, which holds for every input the model will ever be asked to process",One-shot pruning can only be applied to convolutional layers,Each round removes a smaller fraction and lets the remaining weights recover before more are cut,Iterative pruning skips the fine-tuning step and therefore avoids overfitting,One-shot pruning requires more memory than the GPU can supply,C
69,The 'winning ticket' in the Lottery Ticket Hypothesis consists of,"The pruning mask alone, applicable to any initialisation, and no calibration or validation step is needed to confirm it","The trained weights of the dense network after convergence, an outcome that is entirely determined by the architecture rather than the data",A specific sparse mask together with the original initial values of the surviving weights,"The subset of training examples that the network learns first, which is guaranteed by construction and never needs to be verified empirically","The hyperparameters that produced the lowest validation loss, and the same conclusion follows for both training and inference",C
70,N:M structured sparsity such as 2:4 requires that,Two out of every four layers be removed entirely,The model be trained for at least four epochs after pruning,Every fourth weight in memory be set to zero,The sparsity ratio equal exactly 50% across the whole model rather than per block,"Within each contiguous group of four weights, exactly two be zero, a regular pattern that sparse tensor cores can exploit",E
71,Applying 2:4 sparsity to an already densely trained model hurts more than training with the pattern in place because,Dense training produces weights that are all exactly equal in magnitude,"The constraint forces removal within every small group, sometimes deleting important weights that global magnitude ranking would have kept",2:4 sparsity is incompatible with the Adam optimiser,"Sparse tensor cores require weights to be retrained from random initialisation, and this makes any further optimisation of that component unnecessary",The pattern can only be applied to the first layer of a network,B
72,"Comparing an INT8 model produced by QAT against one produced by PTQ, you would generally expect QAT to","Recover more accuracy, especially at aggressive bit widths, in exchange for far more compute",Produce a strictly smaller file on disk,Run with lower inference latency at the same bit width,Require no training data whatsoever,"Match PTQ exactly, since both end at the same bit width, regardless of how many devices the workload is ultimately distributed across",A
73,"Symmetric per-channel INT8 weight quantization stores, for each output channel,",A separate zero point and no scale,"A scale factor derived from that channel's maximum absolute weight, with the zero point fixed at zero","The full-precision minimum and maximum values of every weight, and the relationship is strictly monotonic across the entire operating range",A learned lookup table of 256 arbitrary float values,Both a scale and an independent bias correction term,B
74,Per-channel quantization usually beats per-tensor quantization because,"It reduces the model's file size substantially, and this holds even when the sequence length grows without bound, which means the choice can be made once and never revisited","It requires no calibration pass over the data, which removes any need to measure the behaviour on the target hardware, and the improvement is realised in full on any deployment target","Channels with very different dynamic ranges each get an appropriate scale, so a single outlier channel cannot degrade the rest","It permits the use of asymmetric ranges that per-tensor quantization forbids, and it applies equally to convolutional and transformer-based models","Per-tensor quantization is only defined for convolutional layers, an effect that persists no matter how the learning rate schedule is chosen",C
75,"After INT8 post-training quantization, a sharp accuracy drop concentrated in a few layers with large weight outliers is best explained by",Those layers having more parameters than the others,The optimiser having failed to converge in those layers during training,Integer arithmetic being undefined for large values,A single extreme weight stretching the quantization range so the remaining weights collapse into very few levels,Those layers being the only ones that use bias terms,D
76,Weight-only quantization differs from full integer quantization in that it,Quantises only the first and last layers of the network,Keeps activations in floating point and dequantises the weights before the matrix multiply,"Requires quantization-aware training to be applied first, regardless of whether the parameters are frozen or continue to receive updates",Cannot reduce the model's file size,Applies only to models with fewer than 100M parameters,B
77,AWQ's central idea is to,Quantise every weight uniformly and rely on fine-tuning to recover,Search over bit widths per layer with reinforcement learning,"Identify the small fraction of salient weight channels, judged by activation magnitude, and protect them from quantization error",Apply weight decay during a post-quantization repair phase,"Replace the weight matrices with low-rank factors before quantizing, and this is always preferable to any alternative formulation of the objective",C
78,A calibration dataset in post-training quantization is used to,Retrain the model's weights at reduced precision,Validate the quantised model's final accuracy,"Select which layers should be pruned before quantization, which follows directly from the definition and admits no counterexamples",Estimate activation ranges by running a small sample of representative inputs through the network,Determine the optimal batch size for inference,D
79,Quantising to INT8 reduces a model's memory footprint relative to FP32 by roughly,"A factor of four, before accounting for the scales and any layers kept in higher precision","A factor of two, and the same factor applies identically to every tensor in the model, and no trade-off against accuracy, latency, or memory is incurred at any point","A factor of eight, an outcome that cannot be altered by changing the optimiser or its settings","A factor of thirty-two, and this behaviour is fixed at initialisation and never changes thereafter","No fixed factor, since it depends entirely on the sparsity level, which guarantees the result will hold on data drawn from any distribution",A
80,torch.quantization.quantize_dynamic is a poor choice when latency is measured on a GPU because,It requires the model to be pruned first,It quantises activations but leaves weights in FP32,"Its integer kernels target CPU backends, so a GPU deployment gains nothing and may run slower",It permanently modifies the checkpoint file on disk,It supports only convolutional layers,C
81,Low-rank factorization of a weight matrix tends to lose accuracy when,The matrix has a rapidly decaying singular value spectrum,The layer sits near the end of the network,"The factorization is applied before rather than after training, regardless of how sparse or heavily quantised the underlying weights become","The matrix's information is spread across many comparable singular values, so truncation discards real signal",The model is subsequently quantised to INT8,D
82,Hardware-aware NAS differs from accuracy-only NAS in that it,Searches only over convolutional operators,Requires the final model to be quantised,"Trains each candidate to full convergence before evaluating it, and this alone is sufficient to explain the entire effect being observed","Includes measured latency or energy on the target device in the search objective, not just proxy FLOPs",Can only be run on the device it is optimising for,D
83,Weight sharing in a one-shot NAS supernet is used mainly to,Reduce the final architecture's parameter count,"Enforce that all candidate architectures reach the same accuracy, which is why the alternative approach can be ruled out in every situation","Avoid training every candidate architecture from scratch, cutting search cost by orders of magnitude",Guarantee that the search space contains the optimal model,Allow the supernet to be quantised during the search,C
84,"Combining distillation, pruning, and quantization in that order is a common pipeline because","Each stage must legally be applied before the next under the compression standard, and the same factor applies identically to every tensor in the model, which guarantees the result will hold on data drawn from any distribution","Quantization removes the sparsity introduced by pruning, so it must come last, which follows directly from the definition and admits no counterexamples, and no trade-off against accuracy, latency, or memory is incurred at any point","Distillation cannot be applied to a model that has already been pruned, and this is always preferable to any alternative formulation of the objective, and this behaviour is fixed at initialisation and never changes thereafter","Pruning is the only stage that requires a GPU, regardless of whether the parameters are frozen or continue to receive updates, an outcome that cannot be altered by changing the optimiser or its settings","Distillation first fixes the architecture and recovers accuracy, pruning then removes redundancy with fine-tuning to recover, and quantization is a final cheap step that needs no capacity change",E
85,Measuring a compressed model's on-disk size with os.path.getsize captures,The peak GPU memory the model will use at inference,The number of parameters multiplied by four bytes regardless of dtype,Only the parameters that remain nonzero after pruning,"The serialised bytes actually written, including quantised tensors, scale factors, and any metadata stored alongside them",The model's FLOP count per forward pass,D
86,Unstructured pruning to 30% sparsity typically leaves the serialised file size unchanged unless,The model is also fine-tuned after pruning,"A sparse storage format or compression is applied, since dense tensors still store the zeros explicitly","The pruning is applied to convolutional rather than linear layers, regardless of how sparse or heavily quantised the underlying weights become",The sparsity exceeds 50%,The zeros are replaced with the layer's mean weight value,B
87,Trimming an unused portion of a transformer's embedding table is an effective size reduction when,The model uses tied input and output embeddings,The embedding dimension exceeds the hidden dimension,The vocabulary is large relative to the rest of the model and the deployment only ever sees a restricted set of tokens,"The tokenizer uses byte-level rather than word-level units, and this alone is sufficient to explain the entire effect being observed",The embeddings have already been quantised to INT8,C
88,"Without a KV cache, generating the n-th token would require",Exactly the same computation as with the cache,Only the final transformer layer to be recomputed,"Recomputing keys and values for all n-1 previous tokens at every step, making generation quadratic in sequence length",Loading the model weights from disk once per token,"A separate model instance for each position in the sequence, which is why the alternative approach can be ruled out in every situation",C
89,KV cache memory grows in proportion to,"The number of parameters in the model's feed-forward blocks, which is true independent of model size, batch size, or the hardware being used","The vocabulary size multiplied by the hidden dimension, and this holds in every case regardless of how the rest of the system is configured","The number of training examples seen during fine-tuning, an effect that is guaranteed for any architecture and cannot be avoided by tuning, a property that holds exactly, with no dependence on the choice of hyperparameters","The square of the model's hidden dimension, and the conclusion is unaffected by the size of the corpus used for pretraining, and no amount of additional training data will change this outcome","Batch size times sequence length times layers times heads times head dimension, which is why long contexts and large batches exhaust memory",E
90,Grouped-Query Attention sits between MHA and MQA by,Alternating between multi-head and multi-query attention on successive layers,Applying multi-query attention only during prefill and multi-head only during decode,Reducing the head dimension rather than the head count,"Letting groups of query heads share one key/value head, trading a smaller cache reduction for better quality than full MQA",Grouping tokens rather than heads before the attention computation,D
91,"Compared with MHA, GQA typically shows",A larger KV cache but higher accuracy,Identical memory use with lower latency,"A smaller KV cache and faster decoding, with a modest quality cost that is usually much less than MQA's","No change in memory, since the total parameter count is unchanged, and this is the only mechanism by which the improvement can ever be obtained",Better quality on every benchmark alongside the memory saving,C
92,FlashAttention is described as exact rather than approximate because,"It computes the same mathematical result as standard attention, only with a different memory access pattern","It uses higher numerical precision than the standard implementation, which applies uniformly to every layer of the network without exception",It applies only to sequences shorter than 2048 tokens,It replaces the softmax with an exactly equivalent linear operation,It caches exact results from previous forward passes,A
93,Continuous (in-flight) batching beats static batching because,It uses a larger batch size than static batching ever can,It removes the need for a KV cache,Static batching cannot run on GPUs,"Finished sequences are evicted and new requests admitted immediately, rather than the whole batch waiting for its slowest member","It processes requests in strict arrival order, which improves fairness, and the effect is entirely independent of the objective being optimised",D
94,PagedAttention improves KV cache utilisation by,"Compressing the cache with an integer quantization scheme, which cannot be reproduced by any other method currently available, regardless of the precision in which the weights and activations are stored","Storing the cache on disk and paging it in on demand, a relationship that is exact rather than approximate under all conditions, and this is required for the computation to remain numerically well defined","Allocating the cache in fixed-size blocks that need not be contiguous, cutting the fragmentation that pre-allocating a worst-case contiguous buffer causes","Recomputing the cache whenever memory pressure rises, and this remains true whether the model is trained from scratch or fine-tuned, which holds for every input the model will ever be asked to process","Sharing one cache across all concurrent requests regardless of prompt, and the benefit scales linearly without any diminishing returns at all, and no calibration or validation step is needed to confirm it",C
95,Speculative decoding preserves the target model's output distribution because,The draft model is trained on the same data as the target,A rejection-sampling step corrects any token the target would not have produced,The draft model is always smaller than the target,Both models share the same tokenizer,The accepted tokens are re-generated by the target afterwards,B
96,Speculative decoding with a draft model only slightly cheaper than the target typically,"Yields little or no speedup, since the draft's cost eats the savings from parallel verification","Doubles throughput, because acceptance rates rise with draft quality","Produces incorrect output that no longer matches the target's distribution, an outcome that is entirely determined by the architecture rather than the data",Reduces memory use proportionally to the draft's size,Fails to run because the two models must differ in depth,A
97,The acceptance rate in speculative decoding falls when,The target model is quantised to INT8,"The batch size exceeds the number of draft tokens, and the same conclusion follows for both training and inference",The KV cache is stored in FP16 rather than FP32,The prompt is shorter than the draft window,"The draft model's predictions diverge from the target's, so more proposed tokens are rejected and discarded",E
98,An MoE model with top-2 routing that is forced into top-1 at inference typically,Runs at the same speed with identical accuracy,"Fails to produce output because the router expects two experts, which is guaranteed by construction and never needs to be verified empirically","Loses accuracy, because the model learned to combine two experts' contributions per token and now receives only one",Gains accuracy by reducing interference between experts,Requires the router to be retrained from random initialisation,C
99,Load-balancing losses in MoE training exist to,"Equalise the memory used by each GPU in a tensor-parallel group, and the relationship is strictly monotonic across the entire operating range",Prevent the router from collapsing onto a few popular experts while others go untrained,"Balance the ratio of attention to feed-forward compute, and this makes any further optimisation of that component unnecessary","Keep the number of active experts constant across layers, regardless of how many devices the workload is ultimately distributed across","Ensure every token is routed to the same expert throughout training, which removes any need to measure the behaviour on the target hardware",B
100,MoE models are memory-hungry at serving time despite their compute savings because,The router itself contains most of the parameters,Expert outputs must be stored for the backward pass,Every expert's weights must be resident even though only a few run per token,Routing decisions require a full forward pass through all experts,The KV cache scales with the number of experts,C
101,A model advertising a 128K context window can still degrade on facts placed in the middle of a long input because,The tokenizer truncates the middle of any long document,Positional encodings are undefined beyond 32K tokens,The KV cache evicts middle tokens automatically,"Attention is mathematically incapable of reaching distant tokens, and this holds even when the sequence length grows without bound, an effect that persists no matter how the learning rate schedule is chosen","Effective use of long context is learned from training data, and models often attend more reliably to the beginning and end than the middle",E
102,"Evaluating a long-context model with a fact at the start, middle, and end of the input is designed to test",Whether the model's throughput varies with fact position,"Whether retrieval quality is uniform across the context, rather than only near the edges",The maximum sequence length the model can accept without error,"Whether the KV cache is being reused correctly between requests, and it applies equally to convolutional and transformer-based models",The model's tokenizer coverage on rare words,B
103,A RAG system that improves from 1 to 5 retrieved passages but degrades at 50 illustrates that,Retrieval quality is irrelevant once enough passages are supplied,The retriever must be retrained whenever the passage count changes,Longer prompts always reduce accuracy regardless of content,"Beyond a point, added passages dilute the relevant evidence with distractors and stretch the context the model handles reliably","The generator's parameter count limits how many passages it can read, which means the choice can be made once and never revisited",D
104,Reranking retrieved passages before they enter the prompt helps because,"Reranking reduces the total number of tokens the retriever must embed, which cannot be reproduced by any other method currently available",A cross-encoder can judge query-passage relevance more precisely than the bi-encoder used for fast first-stage retrieval,"Reranking compresses each passage to a fixed length, and this remains true whether the model is trained from scratch or fine-tuned","It removes the need for a vector database, and the improvement is realised in full on any deployment target, and the benefit scales linearly without any diminishing returns at all","Reranked passages require no positional embeddings, a relationship that is exact rather than approximate under all conditions",B
105,RLHF aligns a language model by,Fine-tuning directly on human-written demonstrations only,Filtering the pretraining corpus with a human-designed rule set,Applying reinforcement learning against a reward model trained on human preference comparisons,Distilling a larger aligned model into the target,Constraining decoding with a grammar derived from human feedback,C
106,A KL penalty against the reference model during RLHF exists to,Speed up convergence of the policy gradient,Keep the policy from drifting so far that it degrades fluency or exploits the reward model,Ensure the reward model's outputs stay bounded,"Balance the contributions of multiple human annotators, regardless of the precision in which the weights and activations are stored",Reduce the memory needed to store the policy,B
107,Reward hacking in RLHF describes a policy that,Achieves high reward-model scores through patterns the reward model rewards but humans do not actually prefer,Refuses to generate output for any prompt,Copies its responses verbatim from the training corpus,"Assigns rewards to itself rather than using the reward model, and this is required for the computation to remain numerically well defined",Overfits the KL penalty rather than the reward,A
108,Constrained decoding guarantees valid JSON but cannot guarantee,That the output parses without error,That the closing braces are balanced,That every required key appears if the schema marks it optional,That the output terminates within the token limit,That the content inside the structure is factually correct,E
109,Tensor parallelism and pipeline parallelism differ in that tensor parallelism,"Splits individual weight matrices across devices and communicates within every layer, while pipeline parallelism splits layers across stages and communicates only at stage boundaries","Splits the training data rather than the model, which holds for every input the model will ever be asked to process, and this makes any further optimisation of that component unnecessary","Requires exactly two GPUs while pipeline parallelism scales to any number, an outcome that is entirely determined by the architecture rather than the data, and the relationship is strictly monotonic across the entire operating range","Applies only during inference while pipeline parallelism applies only during training, and the same conclusion follows for both training and inference, regardless of how many devices the workload is ultimately distributed across","Stores a full copy of the model on each device, and no calibration or validation step is needed to confirm it, which is guaranteed by construction and never needs to be verified empirically",A
110,"Pipeline parallelism suffers from 'bubbles', which are",Numerical instabilities caused by mixed-precision arithmetic,Idle periods where stages wait for work because the pipeline is not yet full or is draining,Regions of the KV cache that hold stale values,Gradient spikes at the boundary between stages,Duplicate activations stored on more than one device,B
111,Micro-batching mitigates pipeline bubbles by,Increasing the depth assigned to each pipeline stage,Reducing the number of stages in the pipeline,Overlapping several smaller batches through the stages so more of them are busy at once,Storing activations on the CPU between stages,"Synchronising gradients after every layer instead of every step, which removes any need to measure the behaviour on the target hardware",C
112,Data parallelism differs fundamentally from model parallelism in that data parallelism,"Replicates the whole model on each device and splits the batch, requiring gradient synchronisation each step","Splits the model's layers across devices and keeps the batch intact, and this holds even when the sequence length grows without bound",Requires the model to fit in the memory of no single device,Eliminates the need for an all-reduce operation,Applies only to models with fewer than one billion parameters,A
113,Quantising the KV cache rather than the weights targets,"The prefill phase, which is compute-bound",The router in a mixture-of-experts layer,"The embedding table, which dominates small models","The memory that grows with batch size and context length, often the binding constraint for high-concurrency long-context serving","The optimiser state carried between training steps, an effect that persists no matter how the learning rate schedule is chosen, and it applies equally to convolutional and transformer-based models",D
114,Dynamic token pruning inside a transformer improves efficiency by,"Removing weights whose magnitude falls below a threshold, and this is always preferable to any alternative formulation of the objective","Skipping entire layers for every input in the batch, and the improvement is realised in full on any deployment target","Reducing the vocabulary the model can emit, which means the choice can be made once and never revisited, which follows directly from the definition and admits no counterexamples","Truncating the input sequence to a fixed maximum length, regardless of whether the parameters are frozen or continue to receive updates","Dropping tokens judged unimportant partway through the network, so later layers process a shorter sequence",E
115,Weight averaging fails when the models being merged,Were fine-tuned on different downstream tasks,Have identical architectures but different random seeds for data order,Were trained with different learning-rate schedules,"Started from unrelated initialisations, so their weights sit in different basins and averaging lands in a poor region",Use mixed-precision training,D
